Country Name,Country Code,Indicator Name,2000,2001,2002,2003,2004,2005,2006,2007,2008,2009,2010,2011,2012,2013,2014,2015,2016,2017,2018,2019,2020,2021
Aruba,ABW,"Probability of dying among youth ages 20-24 years (per 1,000)",,,,,,,,,,,,,,,,,,,,,,
Africa Eastern and Southern,AFE,"Probability of dying among youth ages 20-24 years (per 1,000)","24,2033654636815","23,6205678292802","22,9994660596506","22,3450491250878","21,6515293200225","20,9370695167489","20,1509927900836","19,3703503987137","18,811619499418","17,8407408678203","17,1654021629418","16,541519343647","15,9740358617435","15,4981567260137","15,1345005216442","14,7017315860615","14,3990691541399","14,1297808263436","13,8794195308161","13,66385608815","13,4642726156424","13,3036279723554"
Afghanistan,AFG,"Probability of dying among youth ages 20-24 years (per 1,000)","15,7","14,5","13,4","12,5","11,8","11,3",11,"11,1","11,3","11,9","12,7","13,6","14,6","15,7","16,7","17,5",18,"18,2","18,2","18,1","17,9","17,8"
Africa Western and Central,AFW,"Probability of dying among youth ages 20-24 years (per 1,000)","17,1785761620976","16,8961933436406","16,6004258124789","16,4325383439593","16,0632969628478","15,8142342425481","15,4924678290426","15,228570200585","14,9280417621527","14,6705843172748","14,4115847164589","14,1643752600553","13,889052026912","13,6371941875638","13,3662255648888","13,170196862202","12,884022731523","12,7017406541235","12,4747865505962","12,293579068222","12,151355866767","12,0018393642872"
Angola,AGO,"Probability of dying among youth ages 20-24 years (per 1,000)","34,7",34,"33,3","32,5","31,5","30,5","29,4","28,2","27,1",26,"24,9","23,9","22,9",22,"21,3","20,6","20,1","19,6","19,1","18,7","18,2","17,8"
Albania,ALB,"Probability of dying among youth ages 20-24 years (per 1,000)","5,3","4,9","4,5","4,2",4,"3,8","3,7","3,5","3,4","3,4","3,2","3,1",3,"2,8","2,6","2,4","2,3","2,2","2,1",2,2,"1,9"
Andorra,AND,"Probability of dying among youth ages 20-24 years (per 1,000)","3,7","3,6","3,4","3,3","3,2","3,1",3,"2,9","2,8","2,7","2,6","2,5","2,5","2,4","2,3","2,2","2,1","2,1",2,2,"1,9","1,9"
Arab World,ARB,"Probability of dying among youth ages 20-24 years (per 1,000)","7,39554946203455","7,33598126714177","7,26817807736152","7,17871190369464","7,10983832955673","6,97975932559226","6,86477657526202","6,65779161146609","6,79762672103558","6,41436108542307","6,33255182703889","6,39678379646889","7,11245274634967","7,34400462405138","7,28588227086076","7,28042381203895","7,15274088659725","7,36729005293127","7,62386785952561","7,28671065903066","6,93203790452827","6,91719909395175"
United Arab Emirates,ARE,"Probability of dying among youth ages 20-24 years (per 1,000)","3,3","3,3","3,3","3,2","3,2","3,2","3,1","3,1","3,1","3,1",3,3,3,"2,9","2,9","2,9","2,9","2,8","2,8","2,8","2,7","2,7"
Argentina,ARG,"Probability of dying among youth ages 20-24 years (per 1,000)","5,3","5,2",5,"4,8","4,7","4,6","4,6","4,7","4,8","4,9",5,"5,1","5,1","5,1","5,1",5,"4,9","4,8","4,7","4,6","4,3","4,1"
Armenia,ARM,"Probability of dying among youth ages 20-24 years (per 1,000)","2,2","2,1","2,1","2,1","2,3","2,4","2,6","2,7","2,8","2,8","2,8","2,7","2,6","2,7","2,8",3,"3,2","3,2","2,9","2,6","2,6","3,1"
American Samoa,ASM,"Probability of dying among youth ages 20-24 years (per 1,000)",,,,,,,,,,,,,,,,,,,,,,
Antigua and Barbuda,ATG,"Probability of dying among youth ages 20-24 years (per 1,000)","5,3","5,2","5,1",5,"4,9","4,8","4,7","4,6","4,5","4,4","4,3","4,1",4,"3,9","3,7","3,6","3,5","3,4","3,3","3,2","3,2","3,2"
Australia,AUS,"Probability of dying among youth ages 20-24 years (per 1,000)","3,7","3,4","3,2",3,"2,9","2,8","2,7","2,6","2,5","2,4","2,3","2,2","2,2","2,1","2,1",2,2,2,"2,1","2,1","2,2","2,2"
Austria,AUT,"Probability of dying among youth ages 20-24 years (per 1,000)","3,4","3,3","3,3","3,2","3,2","3,1",3,"2,9","2,8","2,6","2,5","2,3","2,2","2,1",2,"1,9","1,8","1,8","1,7","1,7","1,7","1,7"
Azerbaijan,AZE,"Probability of dying among youth ages 20-24 years (per 1,000)","5,1","4,5",4,"3,9",4,4,"3,9","3,8","4,2","3,6","3,5","3,5",4,"3,6","3,6","3,5","3,3","3,2","3,1","3,2","10,5","4,3"
Burundi,BDI,"Probability of dying among youth ages 20-24 years (per 1,000)",32,"28,6","25,6","23,1","20,7","18,5","16,5","14,9","13,4","12,4","11,6","11,1","10,7","10,4","10,1","9,8","9,5","9,3","9,2",9,"8,9","8,9"
Belgium,BEL,"Probability of dying among youth ages 20-24 years (per 1,000)","3,9","3,8","3,6","3,4","3,2",3,"2,9","2,8","2,7","2,6","2,5","2,4","2,3","2,2","2,1",2,2,"1,9","1,8","1,8","1,7","1,6"
Benin,BEN,"Probability of dying among youth ages 20-24 years (per 1,000)","12,1","11,9","11,7","11,6","11,5","11,4","11,3","11,3","11,3","11,3","11,3","11,3","11,3","11,3","11,4","11,4","11,4","11,3","11,2","11,2","11,1",11
Burkina Faso,BFA,"Probability of dying among youth ages 20-24 years (per 1,000)","16,2","15,7","15,2","14,8","14,4","14,1","13,7","13,4","13,1","12,7","12,5","12,2",12,"11,8","11,7","11,5","11,4","11,2","11,1",11,"10,9","10,8"
Bangladesh,BGD,"Probability of dying among youth ages 20-24 years (per 1,000)","9,3","8,7",8,"7,3","6,7","6,2","5,9","5,7","5,6","5,7","5,9","6,2","6,1","5,8","5,3","4,7","4,1","3,7","3,7","4,1","4,9","5,6"
Bulgaria,BGR,"Probability of dying among youth ages 20-24 years (per 1,000)","4,1",4,"3,9","3,8","3,7","3,7","3,7","3,7","3,7","3,6","3,5","3,4","3,3","3,2","3,1","3,1","3,1","3,1","3,1","3,2","3,3","3,4"
Bahrain,BHR,"Probability of dying among youth ages 20-24 years (per 1,000)","3,3","3,3","3,3","3,2","3,2","3,2","3,1","3,1","3,1",3,3,"2,9","2,9","2,8","2,8","2,7","2,7","2,6","2,6","2,5","2,5","2,4"
"Bahamas, The",BHS,"Probability of dying among youth ages 20-24 years (per 1,000)","8,7","8,4","8,2","8,1","8,1","8,2","8,5","8,8","9,2","9,7","10,1","10,5","10,7","10,8","10,7","10,4",10,"9,4","8,7","9,9","7,5",7
Bosnia and Herzegovina,BIH,"Probability of dying among youth ages 20-24 years (per 1,000)","2,9","2,8","2,7","2,7","2,7","2,6","2,6","2,5","2,5","2,4","2,3","2,2","2,2","2,2","2,3","2,3","2,4","2,5","2,5","2,6","2,6","2,5"
Belarus,BLR,"Probability of dying among youth ages 20-24 years (per 1,000)","8,7","8,5","8,1","7,7","7,4","7,2","6,8","6,5","6,2",6,"5,8","5,4",5,"4,6","4,1","3,7","3,3",3,"2,7","2,5","2,4","2,3"
Belize,BLZ,"Probability of dying among youth ages 20-24 years (per 1,000)","10,9","10,9","10,8","10,6","10,5","10,4","10,2","10,1",10,10,"9,9","9,7","9,6","9,4","9,2",9,"8,7","8,5","8,2","7,9","7,7","7,6"
Bermuda,BMU,"Probability of dying among youth ages 20-24 years (per 1,000)",,,,,,,,,,,,,,,,,,,,,,
Bolivia,BOL,"Probability of dying among youth ages 20-24 years (per 1,000)","8,4","8,1","7,8","7,5","7,2","6,9","6,6","6,3","6,1",6,"5,9","5,8","5,7","5,7","5,6","5,6","5,5","5,5","5,4","5,3","5,3","5,2"
Brazil,BRA,"Probability of dying among youth ages 20-24 years (per 1,000)","8,1",8,8,"7,9","7,7","7,6","7,6","7,6","7,7","7,8","7,9",8,8,"8,1","8,1","8,2","8,1",8,"7,8","7,7","7,5","7,3"
Barbados,BRB,"Probability of dying among youth ages 20-24 years (per 1,000)","4,9",5,"5,1","5,2","5,2","5,2","5,2","5,1",5,"4,8","4,7","4,5","4,3","4,2",4,"3,9","3,9","3,8","3,7","3,7","3,7","3,6"
Brunei Darussalam,BRN,"Probability of dying among youth ages 20-24 years (per 1,000)","4,1","3,9","3,7","3,6","3,4","3,3","3,2","3,2","3,1","3,1",3,3,"2,9","2,8","2,7","2,6","2,5","2,4","2,3","2,2","2,1","2,1"
Bhutan,BTN,"Probability of dying among youth ages 20-24 years (per 1,000)","8,7","8,4","8,2","8,1","7,9","7,8","7,7","7,6","7,6","7,6","7,5","7,5","7,4","7,4","7,3","7,2","7,2","7,1",7,"6,9","6,8","6,8"
Botswana,BWA,"Probability of dying among youth ages 20-24 years (per 1,000)","23,6","22,7","21,7","20,7","19,5","18,4","17,2",16,"14,8","13,7","12,7","11,6","10,7","9,8","8,9","8,1","7,4","6,9","6,5","6,3","6,2","6,1"
Central African Republic,CAF,"Probability of dying among youth ages 20-24 years (per 1,000)","28,7","28,8",29,"29,1","29,1","28,9","28,7","28,4",28,"27,6","27,2","26,9","26,6","26,2","25,9","25,6","25,2","28,4","24,5","24,4","24,1","26,8"
Canada,CAN,"Probability of dying among youth ages 20-24 years (per 1,000)","3,1","3,1",3,3,3,3,"2,9","2,9","2,8","2,7","2,7","2,6","2,6","2,5","2,5","2,6","2,7","2,8","2,9",3,3,3
Central Europe and the Baltics,CEB,"Probability of dying among youth ages 20-24 years (per 1,000)","3,93927592605781","3,86606467592286","3,7316819132068","3,62172491022903","3,51170417513258","3,47504637925069","3,46382469613699","3,50400166812569","3,47790810425284","3,46523400362516","3,42981766337115","3,2893181164346","3,14474311232658","2,99615462213131","2,88058088881227","2,77134992070615","2,72839385275113","2,65283653007953","2,60958075296148","2,63710920986111","2,64543476887627","2,72157996819147"
Switzerland,CHE,"Probability of dying among youth ages 20-24 years (per 1,000)","3,2","3,1","2,9","2,8","2,7","2,5","2,4","2,3","2,1",2,"1,8","1,7","1,6","1,6","1,5","1,5","1,5","1,5","1,5","1,5","1,5","1,6"
Channel Islands,CHI,"Probability of dying among youth ages 20-24 years (per 1,000)",,,,,,,,,,,,,,,,,,,,,,
Chile,CHL,"Probability of dying among youth ages 20-24 years (per 1,000)","4,1",4,"3,9","3,8","3,7","3,6","3,6","3,6","3,7","3,7","3,6","3,4","3,3","3,2","3,1","3,1","3,2","3,2","3,2","3,3","3,3","3,4"
Cote d'Ivoire,CIV,"Probability of dying among youth ages 20-24 years (per 1,000)","20,5","20,3","20,1","19,9","19,7","19,4","19,2","18,9","18,7","18,4","18,2","17,9","17,8","17,5","17,3","17,1","16,9","16,7","16,4","16,3","16,1","15,9"
Cameroon,CMR,"Probability of dying among youth ages 20-24 years (per 1,000)","20,2","20,3","20,3","20,2","20,2","20,1","19,9","19,8","19,6","19,4","19,2",19,"18,8","18,7","18,5","18,4","18,2","18,1",18,"17,8","17,7","17,4"
"Congo, Dem. Rep.",COD,"Probability of dying among youth ages 20-24 years (per 1,000)","23,7","23,4","23,1","22,7","22,4","22,2","21,9","21,7","21,6","21,4","21,3","21,2",21,"20,9","20,7","20,5","20,3","20,1","19,9","19,8","19,6","19,4"
"Congo, Rep.",COG,"Probability of dying among youth ages 20-24 years (per 1,000)","22,5","21,4","20,4","19,4","18,5","17,7","16,9","16,1","15,4","14,7","14,1","13,5","12,9","12,4","12,1","11,7","11,6","11,4","11,2","13,5","10,9","10,7"
Colombia,COL,"Probability of dying among youth ages 20-24 years (per 1,000)","13,2","13,3","12,8","11,9","10,9","9,9","9,2","8,8","8,6","8,4","8,2","7,9","7,6","7,3","7,1","6,9","6,8","6,8","6,8","6,7","6,7","6,6"
Comoros,COM,"Probability of dying among youth ages 20-24 years (per 1,000)","8,8","8,6","8,3","7,9","7,7","7,4","7,1","6,8","6,6","6,3","6,1","5,8","5,6","5,4","5,2",5,"4,8","4,6","4,4","4,3","4,2","4,2"
Cabo Verde,CPV,"Probability of dying among youth ages 20-24 years (per 1,000)","6,3",6,"5,7","5,5","5,3","5,1",5,"4,9","4,8","4,7","4,7","4,6","4,6","4,5","4,5","4,4","4,3","4,2","4,1",4,"3,9","3,8"
Costa Rica,CRI,"Probability of dying among youth ages 20-24 years (per 1,000)","4,3","4,2","4,2","4,1","4,1","4,1","4,2","4,3","4,5","4,6","4,3","4,1","3,9","3,9","4,1","4,4","4,7","4,9",5,"4,8","4,5","4,2"
Caribbean small states,CSS,"Probability of dying among youth ages 20-24 years (per 1,000)","7,61726965252246","7,58886381901772","7,57250053415231","7,60196192829707","7,60654362547892","7,64575475062882","7,68832624388323","7,76513949537571","7,76260995221072","7,71313791987175","7,63057120669371","7,51175730491043","7,39921647275717","7,31529981123428","7,24009780443763","7,18683485947774","7,18935997136628","7,12404477572316","7,27301702897421","7,14393784710879","6,94365220289874","6,86967781880111"
Cuba,CUB,"Probability of dying among youth ages 20-24 years (per 1,000)","4,1","3,9","3,7","3,5","3,3","3,2",3,"2,9","2,8","2,8","2,7","2,7","2,7","2,7","2,7","2,7","2,7","2,7","2,7","2,7","2,7","2,7"
Curacao,CUW,"Probability of dying among youth ages 20-24 years (per 1,000)",,,,,,,,,,,,,,,,,,,,,,
Cayman Islands,CYM,"Probability of dying among youth ages 20-24 years (per 1,000)",,,,,,,,,,,,,,,,,,,,,,
Cyprus,CYP,"Probability of dying among youth ages 20-24 years (per 1,000)","4,4","4,3","4,2",4,"3,8","3,5","3,3",3,"2,8","2,6","2,4","2,3","2,2","2,1","2,1",2,2,2,2,"1,9","1,9","1,9"
Germany,DEU,"Probability of dying among youth ages 20-24 years (per 1,000)",3,"2,9","2,7","2,6","2,4","2,3","2,1","2,1",2,"1,9","1,9","1,8","1,7","1,7","1,7","1,6","1,6","1,6","1,5","1,5","1,5","1,5"
Djibouti,DJI,"Probability of dying among youth ages 20-24 years (per 1,000)","22,3",22,"21,7","21,4",21,"20,7","20,3",20,"19,6","19,2","18,9","18,5","18,2","17,9","17,5","17,2","16,9","16,6","16,3","15,9","15,6","15,3"
Dominica,DMA,"Probability of dying among youth ages 20-24 years (per 1,000)","4,1","4,1","4,1","4,1","4,1","4,1","4,2","4,2","4,3","4,3","4,4","4,5","4,6","4,7","4,8","4,8","4,8","4,8","4,7","4,7","4,6","4,6"
Denmark,DNK,"Probability of dying among youth ages 20-24 years (per 1,000)","2,7","2,7","2,6","2,5","2,4","2,4","2,3","2,2","2,1",2,"1,8","1,7","1,6","1,5","1,5","1,5","1,4","1,4","1,5","1,5","1,5","1,5"
Dominican Republic,DOM,"Probability of dying among youth ages 20-24 years (per 1,000)","9,1","9,3","9,4","9,5","9,6","9,7","9,8","9,8","9,7","9,7","9,5","9,4","9,2","9,1",9,"8,8","8,7","8,6","8,5","8,4","8,3","8,2"
Algeria,DZA,"Probability of dying among youth ages 20-24 years (per 1,000)","5,2","4,9","4,7","4,4","4,2",4,"3,9","3,8","3,7","3,6","3,5","3,5","3,5","3,5","3,5","3,5","3,5","3,4","3,3","3,2","3,1",3
East Asia & Pacific (excluding high income),EAP,"Probability of dying among youth ages 20-24 years (per 1,000)","4,64778361448797","4,6301373829302","4,52200898867538","4,46953609710208","4,67406016262471","4,29165879395943","4,16412233981339","4,08931205606763","4,11078932418696","3,90593432876015","3,78809875595093","3,75579341883689","3,67004978563615","3,67379591263286","3,67823434022846","3,65328223832381","3,66644995761076","3,68858485779266","3,6188707247315","3,62008170162796","3,61589123452017","3,6427897325044"
Early-demographic dividend,EAR,"Probability of dying among youth ages 20-24 years (per 1,000)","10,0695677030152","9,90323176305399","9,70738286251409","9,54791970435954","9,46061462133413","9,11540405746061","8,81339129025714","8,56357257264258","8,38676306480538","8,07824166235515","7,93633091959115","7,61165168073572","7,41924233244067","7,15256204586714","6,86433639169132","6,67521664954758","6,40120415710715","6,23888311308891","6,0968088213357","5,90187582731898","5,76125132001906","5,7114370641838"
East Asia & Pacific,EAS,"Probability of dying among youth ages 20-24 years (per 1,000)","4,5","4,4","4,4","4,3","4,5","4,1","4,1",4,4,"3,8","3,7","3,6","3,6","3,6","3,5","3,5","3,5","3,5","3,5","3,5","3,5","3,5"
Europe & Central Asia (excluding high income),ECA,"Probability of dying among youth ages 20-24 years (per 1,000)","9,2424762064229","9,02748849061774","8,69598474062914","8,24262668593949","7,89561744228356","7,59737590597002","7,31958089025594","6,99001218576089","6,56118858776188","6,0874187880221","5,77324886256292","5,46217247672056","5,17237633611875","4,93278753177495","4,71221210316135","4,37607745444003","4,21665863391413","3,85123502508731","3,67323267801006","3,57488080297679","3,70963350840523","3,56773407031419"
Europe & Central Asia,ECS,"Probability of dying among youth ages 20-24 years (per 1,000)","6,2",6,"5,8","5,6","5,4","5,2","5,1","4,9","4,6","4,4","4,1","3,9","3,7","3,5","3,4","3,1",3,"2,8","2,7","2,6","2,7","2,6"
Ecuador,ECU,"Probability of dying among youth ages 20-24 years (per 1,000)","7,8","7,8","7,7","7,6","7,5","7,6","7,6","7,6","7,6","7,4","7,2","6,9","6,5","6,1","5,8","5,6","5,5","5,4","5,4","5,5","5,5","5,5"
"Egypt, Arab Rep.",EGY,"Probability of dying among youth ages 20-24 years (per 1,000)",5,"5,1","5,2","5,2","5,2",5,"4,8","4,6","4,4","4,4","4,4","4,4","4,3","4,2",4,"3,8","3,7","3,8","3,8","3,9",4,4
Euro area,EMU,"Probability of dying among youth ages 20-24 years (per 1,000)","3,36786344328552","3,26501111064718","3,11618889463372","3,00450099242896","2,85458611605512","2,73577890276725","2,58756461290166","2,4935954229997","2,39552979442038","2,28032780283183","2,18052805970152","2,07082581264607","1,96345648050795","1,88232912961653","1,81840091594612","1,7701617244738","1,75315917195216","1,70311222393356","1,64375605278965","1,63683947266678","1,61046222743108","1,54766825004842"
Eritrea,ERI,"Probability of dying among youth ages 20-24 years (per 1,000)","20,3","19,7","19,1","18,6","18,1","17,6","17,1","16,7","16,3","15,9","15,5","15,2","14,9","14,6","14,3","13,9","13,7","13,4","13,1","12,8","12,6","12,4"
Spain,ESP,"Probability of dying among youth ages 20-24 years (per 1,000)",3,"2,9","2,8","2,7","2,6","2,4","2,3","2,1","1,9","1,8","1,6","1,5","1,4","1,3","1,3","1,3","1,3","1,3","1,3","1,3","1,3","1,2"
Estonia,EST,"Probability of dying among youth ages 20-24 years (per 1,000)","7,6","7,5","7,4","7,3","7,1","6,9","6,6","6,2","5,8","5,3","4,9","4,4","4,1","3,7","3,4","3,2","2,9","2,7","2,4","2,2",2,"1,8"
Ethiopia,ETH,"Probability of dying among youth ages 20-24 years (per 1,000)","26,4","24,8","23,3","21,9","20,6","19,4","18,2",17,"15,9","14,8","13,8","12,9",12,"11,2","10,4","9,8","9,4","9,1","8,9","8,7","8,6","8,5"
European Union,EUU,"Probability of dying among youth ages 20-24 years (per 1,000)","3,43479851920949","3,34516524951641","3,20322091312701","3,09306428091946","2,95679578766546","2,86303186239078","2,75657497226109","2,70146010604381","2,62409153038502","2,53914393774072","2,45517632570835","2,33612729257414","2,21865436859094","2,12030335070369","2,04079883867494","1,97754750782482","1,95597465542282","1,89819684054226","1,84247164150299","1,8414838915333","1,81996103335119","1,78534919579404"
Fragile and conflict affected situations,FCS,"Probability of dying among youth ages 20-24 years (per 1,000)","16,9620765382115","16,6293651215612","16,2620502677967","15,8816983093636","15,4775749005835","15,1389372496116","14,7992006844966","14,4807309470576","14,693300824158","13,8621490934183","14,0668655331602","13,4386804304796","13,6089426479765","13,5747588373966","13,4184772511881","13,2644190927884","13,0353432639913","12,987120922045","12,9374787639934","12,6198439851912","12,3402586604559","12,3204879626271"
Finland,FIN,"Probability of dying among youth ages 20-24 years (per 1,000)","3,7","3,7","3,6","3,6","3,5","3,5","3,5","3,5","3,5","3,4","3,2",3,"2,8","2,7","2,5","2,5","2,6","2,7","2,8","2,9",3,"2,9"
Fiji,FJI,"Probability of dying among youth ages 20-24 years (per 1,000)","8,2",8,"7,9","7,7","7,6","7,4","7,3","7,1",7,"6,9","6,8","6,7","6,6","6,5","6,4","6,4","6,3","6,3","6,2","6,1",6,6
France,FRA,"Probability of dying among youth ages 20-24 years (per 1,000)","3,6","3,5","3,3","3,2",3,"2,9","2,7","2,6","2,6","2,5","2,4","2,3","2,2","2,1",2,2,2,"1,9","1,9","1,9","1,9","1,8"
Faroe Islands,FRO,"Probability of dying among youth ages 20-24 years (per 1,000)",,,,,,,,,,,,,,,,,,,,,,
"Micronesia, Fed. Sts.",FSM,"Probability of dying among youth ages 20-24 years (per 1,000)","7,7","7,6","7,5","7,5","7,5","7,5","7,5","7,4","7,4","7,4","7,3","7,2","7,1",7,"6,9","6,8","6,7","6,6","6,5","6,4","6,3","6,2"
Gabon,GAB,"Probability of dying among youth ages 20-24 years (per 1,000)","13,4","13,2","12,9","12,6","12,2","11,9","11,5","11,1","10,6","10,2","9,8","9,5","9,2","9,1","8,9","8,8","8,7","8,6","8,5","8,4","8,3","8,2"
United Kingdom,GBR,"Probability of dying among youth ages 20-24 years (per 1,000)","2,9","2,9","2,8","2,8","2,7","2,6","2,6","2,5","2,4","2,2","2,1","1,9","1,8","1,8","1,8","1,8","1,8","1,8","1,9","1,9","1,9","1,9"
Georgia,GEO,"Probability of dying among youth ages 20-24 years (per 1,000)","4,2",4,"3,8","3,5","3,4","3,4","3,7","4,1","5,8","4,5","4,3","3,8","3,5","3,6",4,"4,3","4,4","4,2","3,9","3,8","3,8","4,1"
Ghana,GHA,"Probability of dying among youth ages 20-24 years (per 1,000)","13,1","12,8","12,4","12,1","11,7","11,4",11,"10,6","10,3",10,"9,6","9,3",9,"8,6","8,3","8,1","7,9","7,8","7,6","7,5","7,5","7,4"
Gibraltar,GIB,"Probability of dying among youth ages 20-24 years (per 1,000)",,,,,,,,,,,,,,,,,,,,,,
Guinea,GIN,"Probability of dying among youth ages 20-24 years (per 1,000)","18,2","18,4","18,5","18,7","18,8","18,9","18,9",19,"19,1","19,2","19,3","19,3","19,4","19,5","19,5","19,4","19,3","19,1",19,"18,7","18,5","18,3"
"Gambia, The",GMB,"Probability of dying among youth ages 20-24 years (per 1,000)","17,2","16,7","16,3","15,9","15,5","15,2","14,8","14,4","14,1","13,7","13,4",13,"12,7","12,4","12,1","11,9","11,6","11,3","11,1","10,8","10,6","10,4"
Guinea-Bissau,GNB,"Probability of dying among youth ages 20-24 years (per 1,000)","21,9","21,5","21,1","20,6","20,2","19,7","19,2","18,7","18,1","17,6","17,1","16,7","16,2","15,8","15,4","15,1","14,8","14,5","14,2","13,9","13,6","13,3"
Equatorial Guinea,GNQ,"Probability of dying among youth ages 20-24 years (per 1,000)","20,6","20,3","19,9","19,6","19,2","18,8","18,5","18,1","17,7","17,3",17,"16,6","16,3",16,"15,6","15,4","15,1","14,8","14,5","14,2","13,9","13,7"
Greece,GRC,"Probability of dying among youth ages 20-24 years (per 1,000)","3,6","3,6","3,6","3,5","3,5","3,5","3,4","3,4","3,3","3,1",3,"2,8","2,6","2,5","2,3","2,2","2,1",2,"1,9","1,9","1,8","1,7"
Grenada,GRD,"Probability of dying among youth ages 20-24 years (per 1,000)","4,5","4,3","4,1",4,"3,9","3,8","3,7","3,7","3,6","3,6","3,5","3,5","3,5","3,5","3,5","3,5","3,4","3,4","3,4","3,4","3,4","3,3"
Greenland,GRL,"Probability of dying among youth ages 20-24 years (per 1,000)",,,,,,,,,,,,,,,,,,,,,,
Guatemala,GTM,"Probability of dying among youth ages 20-24 years (per 1,000)","11,3","11,3","11,3","11,4","11,5","11,6","11,5","11,3","10,9","10,5",10,"9,6","9,2",9,"8,8","8,8","8,7","8,7","8,7","8,6","8,5","8,5"
Guam,GUM,"Probability of dying among youth ages 20-24 years (per 1,000)",,,,,,,,,,,,,,,,,,,,,,
Guyana,GUY,"Probability of dying among youth ages 20-24 years (per 1,000)","11,1",11,11,11,"10,9","10,7","10,5","10,2","10,1","10,1","10,3","10,6","10,9","11,2","11,4","11,6","11,7","11,6","11,6","11,4","11,3","11,2"
High income,HIC,"Probability of dying among youth ages 20-24 years (per 1,000)","3,7","3,6","3,6","3,5","3,5","3,5","3,4","3,4","3,3","3,2","3,1","3,1",3,"2,9","2,9","2,9","2,9","2,9","2,9",3,"3,1","3,2"
"Hong Kong SAR, China",HKG,"Probability of dying among youth ages 20-24 years (per 1,000)",,,,,,,,,,,,,,,,,,,,,,
Honduras,HND,"Probability of dying among youth ages 20-24 years (per 1,000)","9,1","8,9","8,7","8,5","8,3","8,1",8,"7,8","7,7","7,5","7,4","7,2","7,1",7,"6,8","6,7","6,6","6,5","6,3","6,2","6,1",6
Heavily indebted poor countries (HIPC),HPC,"Probability of dying among youth ages 20-24 years (per 1,000)","20,8257173891706","20,1640394559971","19,4836055498335","18,8754279116349","18,2312314097262","17,6754355238724","17,1171017529549","16,6393572983943","16,388778070817","15,7995495933313","16,0318812607746","15,1650959947269","14,8914361533198","14,6670553442844","14,5132636172372","14,2856188784739","14,1031413484425","13,9512218075528","13,7473835048205","13,586795448524","13,4068536686619","13,2716722333826"
Croatia,HRV,"Probability of dying among youth ages 20-24 years (per 1,000)","3,7","3,6","3,6","3,5","3,5","3,4","3,3","3,3","3,1",3,"2,8","2,6","2,5","2,3","2,2","2,1","2,1",2,2,2,2,2
Haiti,HTI,"Probability of dying among youth ages 20-24 years (per 1,000)","17,2","16,7","16,2","15,8","15,4",15,"14,6","14,3","14,1","13,8","46,5","13,2","12,9","12,6","12,4","12,1","11,8","11,6","11,4","11,3","11,1",11
Hungary,HUN,"Probability of dying among youth ages 20-24 years (per 1,000)","3,1",3,"2,9","2,9","2,8","2,7","2,7","2,6","2,5","2,4","2,3","2,2","2,1","2,1",2,2,2,2,2,2,2,2
IBRD only,IBD,"Probability of dying among youth ages 20-24 years (per 1,000)","7,64191447825254","7,60008908542815","7,45572067407514","7,36670189840313","7,33140153808965","7,02420449504253","6,88636992794238","6,73367444571206","6,52226077958997","6,35577643153613","6,13246456692265","5,97845948312706","5,78964454978983","5,65908533997547","5,51885508804299","5,41969362686729","5,30617245129789","5,20341347433445","5,06217795002064","4,96772473304195","4,86000902464069","4,7658263946783"
IDA & IBRD total,IBT,"Probability of dying among youth ages 20-24 years (per 1,000)","9,45792584327295","9,33999058013994","9,1344963875271","8,95859236077785","8,82489680673907","8,55201648179767","8,29979150038558","8,09915250327538","7,93062062706936","7,67668398667065","7,52321105059015","7,32776457492991","7,21624620795548","7,11789586181782","7,00193194709604","6,93515904027332","6,8264303058843","6,76166936455152","6,67809799234782","6,5961051724647","6,53340615018288","6,50949736269368"
IDA total,IDA,"Probability of dying among youth ages 20-24 years (per 1,000)","15,7117649690196","15,231733650503","14,7686878830423","14,2625406840133","13,7488507632707","13,5355147385639","12,8654877270674","12,4701683649476","12,4040321164334","11,8390006319753","11,8594966024893","11,4544788875877","11,4515325818586","11,3149434086191","11,1299424487768","10,9958796746738","10,7531908894324","10,6614977398169","10,5995626726906","10,4260159342239","10,351978332061","10,3759050452242"
IDA blend,IDB,"Probability of dying among youth ages 20-24 years (per 1,000)","13,8257857675632","13,5839892889946","13,2864533013772","13,0007387217375","12,5907986465314","12,8862888998382","11,7542805465073","11,3154285414283","10,8792593422788","10,5176229923351","10,2138392312067","9,9552231000697","9,71215852162503","9,52439165925475","9,367448003065","9,22045701878259","9,04712758528617","8,94315706213282","8,82482012307082","8,69119036695005","8,62423661009751","8,50679772989841"
Indonesia,IDN,"Probability of dying among youth ages 20-24 years (per 1,000)","5,7","5,7","5,7","5,7","8,1","5,7","5,7","5,6","5,6","5,6","5,6","5,6","5,5","5,5","5,4","5,4","5,3","5,3","5,2","5,2","5,2","5,1"
IDA only,IDX,"Probability of dying among youth ages 20-24 years (per 1,000)","16,6702321960295","16,076423394455","15,5309957810017","14,9119645384243","14,3465032247845","13,871146884734","13,4400153910009","13,0673320458014","13,1934255153108","12,5242447457103","12,7150843996222","12,2347852413313","12,3553618803298","12,2430292316144","12,0400006713282","11,9066896743412","11,6197664093142","11,5259044683448","11,4857700703742","11,2869290129744","11,2059914012982","11,2989289589572"
Isle of Man,IMN,"Probability of dying among youth ages 20-24 years (per 1,000)",,,,,,,,,,,,,,,,,,,,,,
India,IND,"Probability of dying among youth ages 20-24 years (per 1,000)","11,5","11,3",11,"10,8","10,5","10,2",10,"9,7","9,3",9,"8,6","8,3","7,9","7,5","7,1","6,8","6,4","6,1","5,8","5,5","5,2",5
Not classified,INX,"Probability of dying among youth ages 20-24 years (per 1,000)",,,,,,,,,,,,,,,,,,,,,,
Ireland,IRL,"Probability of dying among youth ages 20-24 years (per 1,000)","4,1",4,"3,8","3,6","3,5","3,4","3,3","3,2","3,1",3,"2,9","2,7","2,6","2,4","2,3","2,1","1,9","1,8","1,6","1,5","1,4","1,3"
Iraq,IRQ,"Probability of dying among youth ages 20-24 years (per 1,000)","5,4","5,4","5,3","5,3","5,2","5,2","5,2","5,1","5,1",5,5,"4,9","4,8","5,7","4,7","4,7","4,6","4,6","4,5","5,3","4,4","4,4"
Iceland,ISL,"Probability of dying among youth ages 20-24 years (per 1,000)",3,3,"2,9","2,8","2,8","2,7","2,6","2,4","2,3","2,2","2,1",2,"1,9","1,9","1,8","1,7","1,7","1,6","1,6","1,5","1,4","1,4"
Israel,ISR,"Probability of dying among youth ages 20-24 years (per 1,000)","3,1","3,3","3,4","3,2","2,9","2,6","2,4","2,3","2,2","2,1","1,9","1,8","1,8","1,7","1,8","1,8","1,8","1,7","1,7","1,6","1,6","1,6"
Italy,ITA,"Probability of dying among youth ages 20-24 years (per 1,000)",3,"2,9","2,8","2,7","2,6","2,5","2,4","2,3","2,2","2,1",2,"1,9","1,8","1,7","1,6","1,6","1,6","1,5","1,4","1,4","1,3","1,2"
Jamaica,JAM,"Probability of dying among youth ages 20-24 years (per 1,000)","6,8","6,7","6,6","6,6","6,5","6,5","6,4","6,4","6,3","6,2","6,2","6,1",6,"5,9","5,8","5,7","5,7","5,6","5,5","5,4","5,3","5,2"
Jordan,JOR,"Probability of dying among youth ages 20-24 years (per 1,000)","4,5","4,5","4,4","4,4","4,4","4,3","4,3","4,2","4,2","4,1","4,1","4,1",4,4,"3,9","3,9","3,9","3,8","3,8","3,7","3,7","3,6"
Japan,JPN,"Probability of dying among youth ages 20-24 years (per 1,000)","2,3","2,3","2,3","2,2","2,2","2,2","2,2","2,2","2,2","2,2","2,1","2,5",2,2,"1,9","1,8","1,8","1,7","1,7","1,8","1,8","1,8"
Kazakhstan,KAZ,"Probability of dying among youth ages 20-24 years (per 1,000)","11,4","11,1",11,11,11,11,"10,7","10,2","9,4","8,5","7,7",7,"6,4","5,9","5,4",5,"4,7","4,5","4,4","4,3","4,3","4,4"
Kenya,KEN,"Probability of dying among youth ages 20-24 years (per 1,000)","17,6","17,4","17,1","16,7","16,3","15,8","15,2","14,7","14,1","13,5",13,"12,4","11,9","11,4",11,"10,7","10,5","10,3","10,1",10,"9,8","9,7"
Cambodia,KHM,"Probability of dying among youth ages 20-24 years (per 1,000)","11,8","10,9",10,"9,3","8,7","8,2","7,8","7,5","7,2","6,9","6,5","6,2","5,8","5,5","5,2",5,"4,8","4,8","4,7","4,7","4,6","4,6"
Kiribati,KIR,"Probability of dying among youth ages 20-24 years (per 1,000)","10,2","10,1",10,10,10,10,10,10,10,10,10,"9,9","9,8","9,7","9,5","9,4","9,3","9,2",9,"8,9","8,8","8,6"
St. Kitts and Nevis,KNA,"Probability of dying among youth ages 20-24 years (per 1,000)","7,1","7,2","7,4","7,5","7,7","7,9","8,1","8,4","8,6","8,9","9,2","9,5","9,7",10,"10,2","10,3","10,3","10,3","10,2","10,2",10,"9,9"
Kuwait,KWT,"Probability of dying among youth ages 20-24 years (per 1,000)","3,4","3,3","3,2","3,1","2,9","2,8","2,7","2,6","2,5","2,4","2,4","2,4","2,4","2,5","2,5","2,7","2,8","2,8","2,9","2,9",3,3
Latin America & Caribbean (excluding high income),LAC,"Probability of dying among youth ages 20-24 years (per 1,000)","7,87639415813383","7,79971503212846","7,69968410498936","7,53068834388309","7,32534530511311","7,17566817434077","7,1106203182035","7,08601747519649","7,15502245913504","7,22238687076162","7,94412796477231","7,21449056959999","7,11023598670209","7,02334364362006","6,93634223238985","6,95948831812663","6,95297673403284","6,95782329749792","6,91382136283974","6,89483644514322","6,82844594325814","6,77741226371207"
Lao PDR,LAO,"Probability of dying among youth ages 20-24 years (per 1,000)","11,7","11,6","11,4","11,2",11,"10,8","10,5","10,2",10,"9,7","9,4","9,1","8,8","8,5","8,2",8,"7,8","7,6","7,6","7,4","7,3","7,2"
Lebanon,LBN,"Probability of dying among youth ages 20-24 years (per 1,000)","4,1",4,"3,9","3,8","3,8","3,7","6,1","3,5","3,4","3,4","3,3","3,3","3,2","3,2","3,2","3,1","3,1","3,5",3,3,3,3
Liberia,LBR,"Probability of dying among youth ages 20-24 years (per 1,000)","20,7","20,4","20,1","26,5","19,4","19,1","18,7","18,4",18,"17,7","17,4","17,1","16,9","16,7","16,5","18,3","16,1",16,"15,9","15,7","15,6","15,4"
Libya,LBY,"Probability of dying among youth ages 20-24 years (per 1,000)","4,6","4,5","4,5","4,4","4,3","4,3","4,2","4,1",4,"3,9","3,8","3,7","3,7","3,6","3,5","3,5","3,4","3,4","3,4","3,3","3,3","3,2"
St. Lucia,LCA,"Probability of dying among youth ages 20-24 years (per 1,000)","6,5","6,5","6,5","6,4","6,4","6,3","6,2","6,1",6,"5,9","5,8","5,7","5,6","5,5","5,4","5,3","5,3","5,2","5,2","5,1","5,1",5
Latin America & Caribbean,LCN,"Probability of dying among youth ages 20-24 years (per 1,000)","7,9","7,9","7,8","7,7","7,5","7,4","7,3","7,3","7,4","7,5","8,1","7,5","7,4","7,3","7,3","7,3","7,3","7,3","7,3","7,2","7,1","7,1"
Least developed countries: UN classification,LDC,"Probability of dying among youth ages 20-24 years (per 1,000)","17,8102927932768","17,1895350118042","16,6087419612994","15,939574125323","15,3304695545103","14,8158504756829","14,3619930400913","13,9814967869055","14,1257131566116","13,3773349346128","13,5719048354797","12,9925187866959","12,7698148490628","12,5208103801479","12,3273005263177","12,2706794506064","11,9866077239302","11,8426298074402","11,8875808853572","11,7598937054314","11,7072830743553","11,8323783207948"
Low income,LIC,"Probability of dying among youth ages 20-24 years (per 1,000)","21,1","20,4","19,6",19,"18,3","17,7","17,2","16,7","16,4","15,9","15,5","15,3","15,6","15,6","15,4","15,3",15,"14,9","14,8","14,4",14,"13,9"
Liechtenstein,LIE,"Probability of dying among youth ages 20-24 years (per 1,000)",,,,,,,,,,,,,,,,,,,,,,
Sri Lanka,LKA,"Probability of dying among youth ages 20-24 years (per 1,000)","9,5","8,7","7,8",7,12,"6,1","6,2","6,7","7,1","7,5","7,4","6,6","5,6","4,6","3,8","3,2","2,9","2,7","2,6","2,5","2,5","2,5"
Lower middle income,LMC,"Probability of dying among youth ages 20-24 years (per 1,000)","10,5","10,3","10,1","9,9","9,8","9,4","9,1","8,8","8,7","8,3","8,2","7,9","7,6","7,4","7,1","6,9","6,6","6,5","6,3","6,2","6,1",6
Low & middle income,LMY,"Probability of dying among youth ages 20-24 years (per 1,000)","9,53207615518124","9,40251964738982","9,18558318731022","9,00116655310268","8,86286418306653","8,58295302716262","8,32306862279819","8,11415349419698","7,93967792981877","7,67932385312314","7,52096261616578","7,32302937890908","7,20848124745856","7,10655566126314","6,9898442345526","6,91625708019873","6,804801024886","6,7395394415278","6,65844646368314","6,57746494851384","6,51417912069376","6,48829931089729"
Lesotho,LSO,"Probability of dying among youth ages 20-24 years (per 1,000)","29,5","30,4","30,9","31,1",31,"30,6","29,9",29,28,27,"25,8","24,7","23,4","22,1","20,9","19,7","18,8","18,2","17,8","17,5","17,2","16,9"
Late-demographic dividend,LTE,"Probability of dying among youth ages 20-24 years (per 1,000)","5,39852654088212","5,35177097582279","5,18960503787818","5,05022557048154","4,92195242298741","4,75450373275002","4,60159852540907","4,49878172248228","4,34631982217105","4,24619408417393","4,10333261744116","4,03739439282242","3,9274540267455","3,90084341885416","3,87025790789703","3,81526366511414","3,80354080563501","3,7809727957486","3,69667434633983","3,68211483271904","3,69388785830342","3,63995654509678"
Lithuania,LTU,"Probability of dying among youth ages 20-24 years (per 1,000)","7,9","7,7","7,6","7,4","7,2","7,1","6,9","6,7","6,5","6,1","5,8","5,5","5,1","4,8","4,5","4,2","3,9","3,7","3,5","3,4","3,3","3,2"
Luxembourg,LUX,"Probability of dying among youth ages 20-24 years (per 1,000)","3,4","3,2",3,"2,8","2,7","2,5","2,4","2,2","2,1",2,"1,8","1,7","1,6","1,5","1,4","1,3","1,2","1,2","1,1","1,1",1,1
Latvia,LVA,"Probability of dying among youth ages 20-24 years (per 1,000)","7,9","7,5","7,1","6,7","6,3","5,9","5,5","5,2","4,9","4,6","4,3","4,1","3,9","3,8","3,8","3,7","3,7","3,7","3,7","3,6","3,6","3,5"
"Macao SAR, China",MAC,"Probability of dying among youth ages 20-24 years (per 1,000)",,,,,,,,,,,,,,,,,,,,,,
St. Martin (French part),MAF,"Probability of dying among youth ages 20-24 years (per 1,000)",,,,,,,,,,,,,,,,,,,,,,
Morocco,MAR,"Probability of dying among youth ages 20-24 years (per 1,000)","4,8","4,7","4,5","4,3","4,2","4,1","3,9","3,8","3,7","3,6","3,5","3,4","3,4","3,3","3,2","3,2","3,2","3,1","3,1","3,1","3,1",3
Monaco,MCO,"Probability of dying among youth ages 20-24 years (per 1,000)","2,9","2,8","2,7","2,7","2,6","2,6","2,6","2,5","2,5","2,4","2,4","2,4","2,3","2,3","2,3","2,2","2,2","2,1","2,1",2,2,2
Madagascar,MDG,"Probability of dying among youth ages 20-24 years (per 1,000)","14,6","14,5","14,3","14,2","14,1",14,"13,8","13,7","13,6","13,4","13,2","13,1",13,"12,9","12,8","12,7","12,5","12,4","12,3","12,1","11,9","11,8"
Maldives,MDV,"Probability of dying among youth ages 20-24 years (per 1,000)","3,3","3,1","2,9","2,8","3,8","2,6","2,6","2,5","2,5","2,5","2,5","2,4","2,4","2,3","2,2","2,1",2,"1,8","1,7","1,6","1,5","1,4"
Middle East & North Africa,MEA,"Probability of dying among youth ages 20-24 years (per 1,000)","5,4","5,3","5,3","5,6","5,2","5,2","5,2","5,1","5,1",5,"4,9","4,9","5,5","5,7","5,4","5,4","5,2","5,4","5,6","5,3","4,9","4,9"
Mexico,MEX,"Probability of dying among youth ages 20-24 years (per 1,000)","5,4","5,3","5,2","5,1",5,5,"5,1","5,3","5,7","6,1","6,4","6,4","6,3",6,"5,8","5,9","6,2","6,5","6,8","7,1","7,4","7,7"
Marshall Islands,MHL,"Probability of dying among youth ages 20-24 years (per 1,000)",8,8,8,8,8,"7,9","7,9","7,9","7,8","7,8","7,7","7,7","7,6","7,6","7,5","7,4","7,3","7,2","7,1",7,"6,9","6,7"
Middle income,MIC,"Probability of dying among youth ages 20-24 years (per 1,000)","8,52522735185887","8,43806815441916","8,25867009151426","8,10668549316977","8,00555272452076","7,73761654431263","7,49104570769501","7,29382318069814","7,10753061996511","6,8674221027864","6,71367278868924","6,49469329095466","6,30989908919902","6,17340542263768","6,03091833054052","5,92341098252178","5,79236218143517","5,69180685684761","5,57526822824501","5,51051248896538","5,45418716295731","5,4162515058472"
North Macedonia,MKD,"Probability of dying among youth ages 20-24 years (per 1,000)","3,1","3,6",3,"2,8","2,7","2,6","2,5","2,4","2,3","2,2","2,1",2,"1,9","1,9","1,8","1,8","1,8","1,7","1,7","1,7","1,7","1,7"
Mali,MLI,"Probability of dying among youth ages 20-24 years (per 1,000)","16,3",16,"15,7","15,4","15,1","14,8","14,5","14,2","13,9","13,7","13,4","13,3","13,1","12,9","12,8","12,6","12,5","12,3","12,1",12,"11,9","11,8"
Malta,MLT,"Probability of dying among youth ages 20-24 years (per 1,000)","2,4","2,4","2,3","2,3","2,2","2,2","2,1",2,2,"1,9","1,8","1,8","1,7","1,7","1,6","1,5","1,5","1,4","1,4","1,3","1,3","1,2"
Myanmar,MMR,"Probability of dying among youth ages 20-24 years (per 1,000)","12,2",12,"11,8","11,5","11,1","10,7","10,3","9,8","14,9","8,9","8,4","7,9","7,5",7,"6,6","6,3","6,1",6,"5,9","5,8","5,7","7,3"
Middle East & North Africa (excluding high income),MNA,"Probability of dying among youth ages 20-24 years (per 1,000)","5,42679209404566","5,38816866410268","5,36483404514169","5,68580005217363","5,30584668265978","5,27496051321245","5,27245032653695","5,19483722593197","5,1625051318407","5,11774418311761","4,99791164941535","5,01019978342668","5,64904083264308","5,77221627854959","5,50598102558285","5,55771896746924","5,38555530318678","5,60687211682288","5,89550011668863","5,52568566877455","5,10332205510585","5,07165849001429"
Montenegro,MNE,"Probability of dying among youth ages 20-24 years (per 1,000)","3,5","3,5","3,4","3,3","3,2","3,1",3,"2,9","2,8","2,6","2,5","2,4","2,3","2,2","2,2","2,2","2,2","2,2","2,2","2,2","2,2","2,3"
Mongolia,MNG,"Probability of dying among youth ages 20-24 years (per 1,000)","8,2","7,7","7,4","7,3","7,3","7,3","7,3","7,2",7,"6,8","6,5","6,2",6,"5,7","5,5","5,2",5,"4,7","4,5","4,3","4,1",4
Northern Mariana Islands,MNP,"Probability of dying among youth ages 20-24 years (per 1,000)",,,,,,,,,,,,,,,,,,,,,,
Mozambique,MOZ,"Probability of dying among youth ages 20-24 years (per 1,000)","21,1","21,4","21,6","21,7","21,9","22,2","22,3","22,6","22,9","23,1","23,4","23,5","23,5","23,3",23,"22,8","22,5","22,2",22,"21,7","21,5","21,2"
Mauritania,MRT,"Probability of dying among youth ages 20-24 years (per 1,000)","7,7","7,5","7,4","7,2","7,1","7,1",7,7,7,7,"7,1","7,1","7,2","7,3","7,3","7,4","7,5","7,6","7,7","7,7","7,7","7,7"
Mauritius,MUS,"Probability of dying among youth ages 20-24 years (per 1,000)","4,3","4,2","4,1","4,1","4,1","4,1","4,1","4,2","4,2","4,2","4,3","4,3","4,4","4,4","4,5","4,5","4,6","4,6","4,7","4,8","4,8","4,9"
Malawi,MWI,"Probability of dying among youth ages 20-24 years (per 1,000)","30,2","29,2","27,8","26,4","24,9","23,6","22,3","21,1",20,19,"18,1","17,2","16,4","15,5","14,7","13,9","13,2","12,6","12,1","11,6","11,3","11,1"
Malaysia,MYS,"Probability of dying among youth ages 20-24 years (per 1,000)","5,2","5,1","5,1",5,"4,7","4,5","4,3","4,1","4,1",4,4,"3,9","3,7","3,7","3,6","3,6","3,7","3,6","3,5","3,3","3,3","3,4"
North America,NAC,"Probability of dying among youth ages 20-24 years (per 1,000)","4,5","4,5","4,6","4,6","4,7","4,7","4,7","4,6","4,5","4,3","4,2","4,1",4,4,"4,1","4,3","4,4","4,5","4,5","4,6","4,9","5,3"
Namibia,NAM,"Probability of dying among youth ages 20-24 years (per 1,000)","19,5","19,7","19,8","19,7","19,5","19,1","18,7","18,3","17,9","17,4",17,"16,6","16,2","15,9","15,7","15,4","15,2",15,"14,7","14,6","14,3","14,2"
New Caledonia,NCL,"Probability of dying among youth ages 20-24 years (per 1,000)",,,,,,,,,,,,,,,,,,,,,,
Niger,NER,"Probability of dying among youth ages 20-24 years (per 1,000)","20,7","20,7","20,6","20,5","20,3","20,1","19,9","19,7","19,5","19,2","18,9","18,7","18,5","18,2",18,"17,9","17,7","17,5","17,2",17,"16,8","16,6"
Nigeria,NGA,"Probability of dying among youth ages 20-24 years (per 1,000)","16,9","16,5","16,1","15,8","15,4","15,1","14,7","14,4",14,"13,7","13,4","13,1","12,7","12,4",12,"11,7","11,3",11,"10,8","10,5","10,4","10,2"
Nicaragua,NIC,"Probability of dying among youth ages 20-24 years (per 1,000)","9,3",9,"8,8","8,6","8,4","8,2",8,"7,8","7,6","7,4","7,3","7,1","6,9","6,7","6,6","6,4","6,2",6,"5,9","5,7","5,5","5,4"
Netherlands,NLD,"Probability of dying among youth ages 20-24 years (per 1,000)","2,3","2,3","2,2","2,1",2,"1,9","1,8","1,7","1,6","1,6","1,5","1,5","1,5","1,4","1,4","1,4","1,4","1,4","1,4","1,4","1,4","1,4"
Norway,NOR,"Probability of dying among youth ages 20-24 years (per 1,000)","3,6","3,6","3,5","3,4","3,3","3,1",3,"2,9","2,8","2,8","2,6","2,5","2,3","2,1",2,"1,9","1,9","1,8","1,8","1,9","1,9","1,8"
Nepal,NPL,"Probability of dying among youth ages 20-24 years (per 1,000)","8,2",8,"9,8","7,7","7,5","7,3","7,2","7,1","6,9","6,8","6,7","6,5","6,4","6,3","6,1","7,2","5,9","5,8","5,8","5,7","5,6","5,6"
Nauru,NRU,"Probability of dying among youth ages 20-24 years (per 1,000)","8,1","7,9","7,8","7,8","7,7","7,7","7,6","7,6","7,6","7,6","7,6","7,5","7,4","7,3","7,2","7,1",7,"6,9","6,8","6,7","6,6","6,5"
New Zealand,NZL,"Probability of dying among youth ages 20-24 years (per 1,000)",4,"3,9","3,8","3,7","3,6","3,6","3,5","3,5","3,4","3,4","3,3","3,2",3,"2,9","2,8","2,8","2,8","2,8","2,8","2,8","2,7","2,7"
OECD members,OED,"Probability of dying among youth ages 20-24 years (per 1,000)","4,24329269694137","4,19075810234384","4,09520855790748","4,01007544275002","3,90071849282061","3,83441458083533","3,77110277383479","3,72741894683728","3,69644099434797","3,64356056538891","3,58274537895218","3,52540897973486","3,42316858262807","3,35016576393107","3,31916886733692","3,35309617894968","3,44419720559532","3,4493783103787","3,47610823127801","3,54168144334186","3,66943779033788","3,79350662541692"
Oman,OMN,"Probability of dying among youth ages 20-24 years (per 1,000)","3,8","3,7","3,6","3,6","3,5","3,5","3,4","3,4","3,4","3,4","3,4","3,4","3,3","3,3","3,3","3,3","3,3","3,3","3,3","3,2","3,2","3,2"
Other small states,OSS,"Probability of dying among youth ages 20-24 years (per 1,000)","14,8067458944024","14,6471356780921","14,4434737784399","14,188414472079","13,8495101231359","13,3976587827229","12,8593876194748","12,3070034487274","11,8073456557344","11,4135954987153","11,1382751980805","10,83541660103","10,5329822913319","10,2521608163426","9,99614575214484","9,75951359525829","9,5467715442928","9,38511471050352","9,29494120730107","9,25768227283572","9,32574136448344","9,45076373352219"
Pakistan,PAK,"Probability of dying among youth ages 20-24 years (per 1,000)","9,8","9,7","9,5","9,3","8,9","10,2","8,1","7,6","7,2","6,9","6,7","6,6","6,5","6,4","6,4","6,3","6,2","6,2","6,1",6,6,"5,9"
Panama,PAN,"Probability of dying among youth ages 20-24 years (per 1,000)","6,2",6,"5,9","5,9","5,9","6,1","6,5","6,9","7,3","7,6","7,8","7,7","7,5","7,2","6,9","6,6","6,3","6,1",6,6,6,6
Peru,PER,"Probability of dying among youth ages 20-24 years (per 1,000)","6,5","6,3","6,1","5,9","5,8","5,6","5,5","5,3","5,1",5,"4,8","4,7","4,6","4,6","4,5","4,5","4,4","4,4","4,3","4,3","4,2","4,2"
Philippines,PHL,"Probability of dying among youth ages 20-24 years (per 1,000)","6,5","6,5","6,5","6,5","6,4","6,4","6,4","6,4","6,3","6,3","6,3","6,2","6,1",6,6,6,"5,9","5,9","5,8","5,8","5,7","5,6"
Palau,PLW,"Probability of dying among youth ages 20-24 years (per 1,000)",11,"11,3","11,7","12,1","12,5",13,"13,5",14,"14,6","15,1","15,7","16,4",17,"17,6","18,3",19,"19,6","20,2","20,8","21,1","21,2","21,2"
Papua New Guinea,PNG,"Probability of dying among youth ages 20-24 years (per 1,000)","10,5","10,4","10,3","10,2","10,1",10,"9,9","9,8","9,7","9,6","9,5","9,3","9,2","9,1",9,"8,9","8,8","8,6","8,5","8,4","8,2","8,1"
Poland,POL,"Probability of dying among youth ages 20-24 years (per 1,000)","3,9","3,8","3,6","3,5","3,4","3,4","3,4","3,5","3,4","3,4","3,4","3,3","3,2","3,1",3,"2,9","2,9","2,8","2,8","2,9","2,9",3
Pre-demographic dividend,PRE,"Probability of dying among youth ages 20-24 years (per 1,000)","19,5908145483618","19,1870372325921","18,7356348922498","18,3350282143466","17,8530355091517","17,4432289967886","17,0088725095286","16,6640948382982","16,4563988928697","15,9624040039953","15,6888373739104","15,427181313761","15,1630865816754","15,0002313753038","14,8037971657485","14,5906037032939","14,3793899213404","14,1962351942353","13,9805789615646","13,8330864870586","13,6089964074868","13,4527666245418"
Puerto Rico,PRI,"Probability of dying among youth ages 20-24 years (per 1,000)",,,,,,,,,,,,,,,,,,,,,,
"Korea, Dem. People's Rep.",PRK,"Probability of dying among youth ages 20-24 years (per 1,000)","9,6","8,9","8,3","7,7","7,3","7,1",7,7,7,"6,9","6,7","6,5","6,3",6,"5,8","5,7","5,5","5,4","5,3","5,1",5,"4,8"
Portugal,PRT,"Probability of dying among youth ages 20-24 years (per 1,000)","4,7","4,3",4,"3,7","3,4","3,2",3,"2,8","2,7","2,5","2,3","2,2",2,"1,9","1,8","1,7","1,7","1,7","1,7","1,7","1,7","1,7"
Paraguay,PRY,"Probability of dying among youth ages 20-24 years (per 1,000)","8,6","8,5","8,4","8,3","8,2","8,1",8,"7,9","7,8","7,7","7,5","7,4","7,3","7,2","7,1",7,"6,8","6,7","6,6","6,5","6,4","6,3"
West Bank and Gaza,PSE,"Probability of dying among youth ages 20-24 years (per 1,000)","4,7","4,7","4,6","4,6","4,5","4,5","4,4","4,4","4,3","4,3","4,2","4,2","4,1","4,1","8,4",4,"3,9","3,9",5,"3,8","3,7","4,2"
Pacific island small states,PSS,"Probability of dying among youth ages 20-24 years (per 1,000)","7,79766293929713","7,63248967747974","7,55777704199883","7,43983754078997","7,3513936215394","7,24131658620808","7,18097422540139","7,04645711189799","6,95304373807275","7,07151658335374","6,80106393651734","6,7046343267307","6,60909928328046","6,51648897735801","6,41111404398383","6,36409775475594","6,2724657125135","6,20715524757928","6,11252488007118","6,02884792500034","5,96588950165263","5,8899296956502"
Post-demographic dividend,PST,"Probability of dying among youth ages 20-24 years (per 1,000)","3,87699330278078","3,82992789417516","3,74958302635882","3,71047652246504","3,63966869682073","3,61659208070127","3,57109664084661","3,50785116559083","3,40871514580174","3,25275952161118","3,10327513549889","3,02658288791924","2,91656298087694","2,86637684998716","2,87812388289192","2,87052810918101","2,8818866374548","2,87369717947688","2,85345402138993","2,89690270742483","3,02918352257321","3,16329968382555"
French Polynesia,PYF,"Probability of dying among youth ages 20-24 years (per 1,000)",,,,,,,,,,,,,,,,,,,,,,
Qatar,QAT,"Probability of dying among youth ages 20-24 years (per 1,000)","3,8","3,8","3,8","3,8","3,7","3,6","3,5","3,3","3,1","2,9","2,7","2,6","2,4","2,2","2,1",2,"1,8","1,7","1,6","1,5","1,4","1,3"
Romania,ROU,"Probability of dying among youth ages 20-24 years (per 1,000)","3,7","3,7","3,6","3,4","3,2","3,2","3,3","3,5","3,8",4,"4,1","3,9","3,6","3,3","3,1","2,9","2,8","2,7","2,6","2,6","2,7","2,9"
Russian Federation,RUS,"Probability of dying among youth ages 20-24 years (per 1,000)","14,1","13,9","13,4","12,6",12,"11,5",11,"10,3","9,5","8,8","8,3","7,9","7,5","7,2","6,7","6,2","5,7","5,2","4,9","4,8","4,7","4,8"
Rwanda,RWA,"Probability of dying among youth ages 20-24 years (per 1,000)","30,1","25,1","21,1","18,1","15,9","14,1","12,7","11,6","10,7","10,1","9,7","9,4","9,2",9,"8,8","8,4","7,9","7,4","6,8","6,3","5,9","5,7"
South Asia,SAS,"Probability of dying among youth ages 20-24 years (per 1,000)","11,1","10,8","10,5","10,2","9,9","9,8","9,3",9,"8,7","8,4","8,2","7,9","7,6","7,3",7,"6,7","6,4","6,1","5,9","5,7","5,5","5,4"
Saudi Arabia,SAU,"Probability of dying among youth ages 20-24 years (per 1,000)","6,1","6,1",6,6,6,"5,9","5,9","5,8","5,8","5,7","5,7","5,6","5,6","5,5","5,5","5,4","5,4","5,4","5,3","5,3","5,2","5,2"
Sudan,SDN,"Probability of dying among youth ages 20-24 years (per 1,000)","22,9","22,4",22,"21,5","21,1","20,6","20,2","19,8","22,5","19,1","18,8","18,5","18,2","17,9","17,6","17,3","16,9","16,6","16,3",16,"15,7","15,4"
Senegal,SEN,"Probability of dying among youth ages 20-24 years (per 1,000)","11,2","10,9","10,7","10,4","10,1","9,8","9,5","9,1","8,7","8,4",8,"7,6","7,3","6,9","6,6","6,3",6,"5,8","5,7","5,6","5,5","5,4"
Singapore,SGP,"Probability of dying among youth ages 20-24 years (per 1,000)","2,4","2,4","2,4","2,4","2,3","2,2",2,"1,9","1,8","1,8","1,7","1,6","1,6","1,5","1,4","1,4","1,3","1,3","1,2","1,2","1,2","1,1"
Solomon Islands,SLB,"Probability of dying among youth ages 20-24 years (per 1,000)","6,9","6,8","6,8","6,8","6,7","6,7","6,7","6,6","6,5","6,5","6,4","6,3","6,2","6,1",6,"5,9","5,8","5,7","5,6","5,5","5,5","5,4"
Sierra Leone,SLE,"Probability of dying among youth ages 20-24 years (per 1,000)",26,26,"26,2","26,4","26,4","26,3","25,9","25,5","24,9","24,4","23,8","23,3","22,8","22,4",22,"21,5","20,7","19,8",19,"18,4",18,"17,6"
El Salvador,SLV,"Probability of dying among youth ages 20-24 years (per 1,000)","11,8","11,8","11,8","11,9","12,1","12,2","12,1","11,6",11,"10,3","9,6","8,9","8,4","8,5","9,1","9,8","10,1","9,7","8,9","7,8","6,8","6,2"
San Marino,SMR,"Probability of dying among youth ages 20-24 years (per 1,000)",3,"2,9","2,7","2,6","2,5","2,4","2,3","2,2","2,1",2,"1,9","1,9","1,8","1,7","1,7","1,6","1,6","1,5","1,5","1,5","1,4","1,4"
Somalia,SOM,"Probability of dying among youth ages 20-24 years (per 1,000)","31,3","31,3","31,3","31,3","31,3","31,3","31,2",31,"30,6","30,1","29,5",29,"28,4","27,9","31,1","26,8","26,3","25,7","25,3","24,8","24,3","23,9"
Serbia,SRB,"Probability of dying among youth ages 20-24 years (per 1,000)","4,2","3,8","3,4","3,3","3,3","3,4","3,4","3,4","3,2","2,9","2,7","2,6","2,5","2,4","2,4","2,3","2,2","2,2","2,2","2,2","2,3","2,4"
Sub-Saharan Africa (excluding high income),SSA,"Probability of dying among youth ages 20-24 years (per 1,000)","21,3243781876396","20,873035908262","20,3960048771096","19,9493472884488","19,3968480611676","18,8808482842","18,2930418901685","17,7303062769129","17,2845251530337","16,600722711987","16,0907637853033","15,6138249319118","15,1594727407045","14,7700963060395","14,4413304389101","14,1009839414804","13,8040355086671","13,5674418483981","13,3250696331835","13,1219620528428","12,943430550617","12,7850623072099"
South Sudan,SSD,"Probability of dying among youth ages 20-24 years (per 1,000)","32,3","31,3","30,3","29,3","28,4","27,5","26,7","25,9","25,1","24,3","23,6",23,"22,5","22,2","22,2","22,2","22,2","22,2","22,2","22,2","22,2","22,2"
Sub-Saharan Africa,SSF,"Probability of dying among youth ages 20-24 years (per 1,000)","21,3","20,9","20,4",20,"19,4","18,9","18,3","17,7","17,3","16,6","16,1","15,6","15,2","14,8","14,5","14,1","13,8","13,6","13,3","13,1","12,9","12,8"
Small states,SST,"Probability of dying among youth ages 20-24 years (per 1,000)","12,7717355423273","12,653609563793","12,5056986119904","12,3257598009331","12,0878040422407","11,7855827609683","11,4342266319425","11,0722664776322","10,7268540243736","10,4497834112847","10,2210070206326","9,97357019849282","9,72513160451831","9,49560871421509","9,28522675014073","9,09603234720043","8,93215985179508","8,79579290378269","8,74423106399108","8,68481277933349","8,6924868091528","8,76188175856888"
Sao Tome and Principe,STP,"Probability of dying among youth ages 20-24 years (per 1,000)","12,3","12,2","12,1","12,1",12,12,"12,1","12,1","12,3","12,5","12,8","13,1","13,3","13,4","13,3","13,2","13,1","12,9","12,7","12,6","12,4","12,3"
Suriname,SUR,"Probability of dying among youth ages 20-24 years (per 1,000)",8,"8,1","8,2","8,4","8,5","8,6","8,6","8,6","8,4","8,2","7,9","7,5","7,1","6,8","6,5","6,4","6,3","6,3","6,4","6,5","6,5","6,5"
Slovenia,SVN,"Probability of dying among youth ages 20-24 years (per 1,000)","4,1",4,"3,9","3,7","3,6","3,5","3,3","3,2",3,"2,8","2,7","2,6","2,4","2,3","2,2","2,1",2,"1,9","1,8","1,7","1,6","1,5"
Sweden,SWE,"Probability of dying among youth ages 20-24 years (per 1,000)","2,5","2,5","2,6","2,6","2,6","2,5","2,5","2,4","2,4","2,3","2,3","2,2","2,2","2,2","2,1","2,1","2,2","2,2","2,2","2,2","2,2","2,2"
Eswatini,SWZ,"Probability of dying among youth ages 20-24 years (per 1,000)","15,1","15,1","15,2","15,3","15,3","15,4","15,5","15,6","15,7","15,8","15,9","15,9",16,"15,9","15,8","15,7","15,5","15,3","15,1","14,8","14,5","14,3"
Sint Maarten (Dutch part),SXM,"Probability of dying among youth ages 20-24 years (per 1,000)",,,,,,,,,,,,,,,,,,,,,,
Seychelles,SYC,"Probability of dying among youth ages 20-24 years (per 1,000)","4,9","4,8","4,7","4,5","4,4","4,3","4,2",4,"3,9","3,8","3,8","3,7","3,7","3,7","3,7","3,8","3,8","3,8","3,8","3,8","3,8","3,7"
Syrian Arab Republic,SYR,"Probability of dying among youth ages 20-24 years (per 1,000)","3,5","3,2",3,"2,9","2,8","2,9","2,9","2,9","2,9","2,9","2,8","4,2","17,4","24,4","25,7","21,1","19,2","21,2","14,6","8,9","6,7","5,4"
Turks and Caicos Islands,TCA,"Probability of dying among youth ages 20-24 years (per 1,000)","4,3","4,2","4,1",4,4,"3,9","3,8","3,7","3,7","3,6","3,6","3,5","3,5","3,4","3,4","3,4","3,3","3,3","3,2","3,2","3,1","3,1"
Chad,TCD,"Probability of dying among youth ages 20-24 years (per 1,000)","20,1","20,2","20,3","20,4","20,5","20,6","20,6","20,7","20,7","20,7","20,6","20,6","20,5","20,4","20,3","20,2","20,1","19,9","19,7","19,4","19,2","18,9"
East Asia & Pacific (IDA & IBRD countries),TEA,"Probability of dying among youth ages 20-24 years (per 1,000)","4,58947344888205","4,58050506214802","4,478757443791","4,43299463305637","4,64443524090988","4,26007305498338","4,1324042036804","4,0569905939157","4,07901804694448","3,8734360427664","3,7568533272093","3,72607716222215","3,64046599582132","3,64636284681626","3,65193458123026","3,62648132198638","3,64145740371893","3,66486465013575","3,59538261583852","3,59931914190208","3,59653236608865","3,62673281552718"
Europe & Central Asia (IDA & IBRD countries),TEC,"Probability of dying among youth ages 20-24 years (per 1,000)","8,4211440688439","8,23889800356162","7,94971423474512","7,55974967871695","7,26011258730516","7,01591255926732","6,79194646177795","6,53610820513821","6,17532325582587","5,77582402349198","5,50977365574825","5,22323450176094","4,94979006478917","4,71941435922464","4,51007322369557","4,19879065455337","4,05506726160904","3,72034293091992","3,5592875342956","3,47930041832588","3,60189719527629","3,49119726312932"
Togo,TGO,"Probability of dying among youth ages 20-24 years (per 1,000)","13,7","13,8","13,7","13,7","13,5","13,4","13,2",13,"12,8","12,5","12,2","11,9","11,6","11,3",11,"10,9","10,7","10,5","10,4","10,3","10,1",10
Thailand,THA,"Probability of dying among youth ages 20-24 years (per 1,000)","11,6","11,3","10,9","10,4","9,8","9,2","8,6","8,1","7,7","7,4","7,2",7,"6,8","6,7","6,7","6,8","6,8","6,8","6,8","6,7","6,6","6,5"
Tajikistan,TJK,"Probability of dying among youth ages 20-24 years (per 1,000)",7,"5,2","4,7","4,2","3,9","3,7","3,4","3,2",3,"2,9","3,4","3,3","2,5","2,4","2,3","2,3","2,3","2,3","2,4","2,5","2,5","2,6"
Turkmenistan,TKM,"Probability of dying among youth ages 20-24 years (per 1,000)","9,3","9,2","9,1","9,1",9,"8,9","8,7","8,3","7,9","7,4","7,1","6,9","6,7","6,6","6,4","6,3","6,1",6,"5,9","5,9","5,8","5,7"
Latin America & the Caribbean (IDA & IBRD countries),TLA,"Probability of dying among youth ages 20-24 years (per 1,000)","7,92297821867817","7,91128522071614","7,87093689920366","7,74526576206767","7,5628860861673","7,43268669902526","7,39273019971012","7,39932906074732","7,48464193360666","7,55754263577857","8,23155443632938","7,55032056488175","7,46339078001016","7,39512299384491","7,33176020965671","7,36796410794769","7,35717825297549","7,35289569673725","7,28023352424914","7,21884331498806","7,14789046021331","7,10504448606212"
Timor-Leste,TLS,"Probability of dying among youth ages 20-24 years (per 1,000)","12,4","10,8","9,4","8,2","7,3","6,6","6,2","5,9","5,9",6,"6,4",7,"7,9","9,2","10,9","12,8","14,4","15,4","15,9",16,16,"15,9"
Middle East & North Africa (IDA & IBRD countries),TMN,"Probability of dying among youth ages 20-24 years (per 1,000)","5,43372837400955","5,39467364472955","5,37203562976885","5,69602482521947","5,31345642911586","5,2823384635012","5,28085969393633","5,20263854056579","5,17120914318615","5,12626681692504","5,00652433564815","5,01929724375607","5,66716553687221","5,79255771038431","5,46945003643232","5,57804925349393","5,40544722997848","5,63003140125219","5,90778068713167","5,54950169696759","5,12280466991292","5,08384378113587"
Tonga,TON,"Probability of dying among youth ages 20-24 years (per 1,000)","4,8","4,9","5,1","5,2","5,3","5,4","5,4","5,4","5,3","5,3","5,2","5,2","5,2","5,2","5,3","5,3","5,4","5,4","5,5","5,5","5,5","5,5"
South Asia (IDA & IBRD),TSA,"Probability of dying among youth ages 20-24 years (per 1,000)","11,0732745462775","10,8167038421504","10,5037380322296","10,2065969040235","9,93309911294133","9,72373011728441","9,30953395061836","9,01860796915854","8,67069085768106","8,43361061445848","8,13796731741863","7,93462520223941","7,62734006584804","7,30623659898371","6,98162079127977","6,72890166162574","6,35857749930887","6,10766563389137","5,87976812851536","5,68646050302049","5,54384309815501","5,45594238464728"
Sub-Saharan Africa (IDA & IBRD countries),TSS,"Probability of dying among youth ages 20-24 years (per 1,000)","21,3222155145556","20,8710075668581","20,3940718567917","19,9475957174945","19,3952549616319","18,8793778208648","18,2916697935412","17,7290049729153","17,2832552600402","16,5995407250624","16,0896329631306","15,612784818688","15,1584915898986","14,7691587849054","14,4404256668361","14,1001166676959","13,8032054991675","13,5666534001712","13,3243387992316","13,1212930019953","12,9428179676075","12,7844955896495"
Trinidad and Tobago,TTO,"Probability of dying among youth ages 20-24 years (per 1,000)","7,4","7,6","7,8",8,"8,3","8,6","9,1","9,6","9,9","9,9","9,5","9,1","8,7","8,4","8,3","8,3","8,5","8,7",10,"9,1","9,1","9,1"
Tunisia,TUN,"Probability of dying among youth ages 20-24 years (per 1,000)","4,3","4,2","4,1",4,"3,9","3,8","3,7","3,6","3,6","3,5","3,5","3,5","3,5","3,6","3,7","3,8",4,"4,2","4,3","4,5","4,5","4,5"
Tuvalu,TUV,"Probability of dying among youth ages 20-24 years (per 1,000)","8,1",8,"7,9","7,8","7,7","7,6","7,5","7,4","7,3","7,1",7,"6,8","6,7","6,6","6,5","6,4","6,2","6,1",6,"5,9","5,8","5,7"
Tanzania,TZA,"Probability of dying among youth ages 20-24 years (per 1,000)",17,"16,5","15,7","14,9",14,"13,1","12,2","11,4","10,6","10,1","9,8","9,6","9,6","9,7","9,8","9,9",10,10,"9,9","9,8","9,7","9,6"
Uganda,UGA,"Probability of dying among youth ages 20-24 years (per 1,000)","27,5","25,9","24,3","22,7","21,2","19,8","18,6","17,5","16,6","15,9","15,4","15,1","14,8","14,7","14,6","14,6","14,6","14,5","14,4","14,3","14,1","14,1"
Ukraine,UKR,"Probability of dying among youth ages 20-24 years (per 1,000)","8,7","8,7","8,4",8,"7,6","7,4","7,4","7,4",7,"6,3","5,8","5,4","5,2",5,"5,5","4,6","4,3",4,"3,8","3,7","3,7","3,9"
Upper middle income,UMC,"Probability of dying among youth ages 20-24 years (per 1,000)",6,6,"5,9","5,8","5,7","5,5","5,4","5,2","5,1","4,9","4,8","4,7","4,6","4,5","4,5","4,4","4,5","4,4","4,4","4,4","4,3","4,3"
Uruguay,URY,"Probability of dying among youth ages 20-24 years (per 1,000)","4,8","4,5","4,3","4,2","4,1","4,1","4,2","4,4","4,6","4,8",5,"5,1","5,2","5,1","5,1","5,1","5,2","5,3","5,4","5,5","5,6","5,7"
Uzbekistan,UZB,"Probability of dying among youth ages 20-24 years (per 1,000)","7,1","6,8","6,4","5,9","5,5","5,1","4,9","4,7","4,6","4,5","4,4","4,3","4,3","4,3","4,3","4,3","4,3","4,2","4,1","3,9","3,8","3,8"
St. Vincent and the Grenadines,VCT,"Probability of dying among youth ages 20-24 years (per 1,000)","6,7","6,6","6,6","6,5","6,5","6,5","6,5","6,5","6,5","6,6","6,6","6,7","6,8",7,"7,1","7,3","7,5","7,7","7,8","7,9","7,8","7,8"
"Venezuela, RB",VEN,"Probability of dying among youth ages 20-24 years (per 1,000)","10,3","11,6","12,7","13,3","13,4","13,5","13,7","14,1","14,3","14,4","14,5","14,5","14,8","15,2","15,7","16,1","16,1","16,3","16,3",16,"16,1","16,2"
British Virgin Islands,VGB,"Probability of dying among youth ages 20-24 years (per 1,000)","5,9","5,9","5,8","5,8","5,8","5,8","5,8","5,8","5,7","5,7","5,6","5,6","5,5","5,4","5,3","5,3","5,2","5,1",5,"4,9","4,9","4,8"
Virgin Islands (U.S.),VIR,"Probability of dying among youth ages 20-24 years (per 1,000)",,,,,,,,,,,,,,,,,,,,,,
Vietnam,VNM,"Probability of dying among youth ages 20-24 years (per 1,000)","5,2","5,2","5,1",5,"4,9","4,8","4,7","4,6","4,5","4,4","4,3","4,2","4,1",4,"3,9","3,8","3,7","3,7","3,6","3,5","3,5","3,4"
Vanuatu,VUT,"Probability of dying among youth ages 20-24 years (per 1,000)","6,7","6,6","6,6","6,6","6,6","6,6","6,6","6,6","6,6","6,6","6,6","6,6","6,6","6,6","6,5","6,5","6,4","6,3","6,2","6,2","6,1",6
World,WLD,"Probability of dying among youth ages 20-24 years (per 1,000)","8,7","8,6","8,4","8,3","8,2",8,"7,7","7,5","7,4","7,2",7,"6,8","6,7","6,6","6,5","6,5","6,4","6,3","6,3","6,2","6,1","6,1"
Samoa,WSM,"Probability of dying among youth ages 20-24 years (per 1,000)","9,5",9,"8,6","8,1","7,7","7,3",7,"6,6","6,2","8,4","5,6","5,3","5,1","4,9","4,7","4,6","4,5","4,3","4,2","4,1","4,1",4
Kosovo,XKX,"Probability of dying among youth ages 20-24 years (per 1,000)","6,2",6,"5,8","5,6","5,5","5,3","5,1",5,"4,8","4,7","4,6","4,5","4,3","4,2","4,1","4,1",4,"3,9","3,8","3,7","3,6","3,6"
"Yemen, Rep.",YEM,"Probability of dying among youth ages 20-24 years (per 1,000)","7,2","7,1","6,9","6,8","6,7","6,5","6,4","6,3","6,2","6,1",6,"6,6","6,9","6,3","6,7","11,9","11,2",12,"17,4","14,9","12,7","13,3"
South Africa,ZAF,"Probability of dying among youth ages 20-24 years (per 1,000)","26,2","27,2",28,"28,4","28,3","27,8","26,8","25,4","23,8","22,1","20,4","18,8","17,5","16,4","15,5","14,8","14,2","13,8","13,4","13,1","12,9","12,7"
Zambia,ZMB,"Probability of dying among youth ages 20-24 years (per 1,000)","30,1","29,2","28,1","27,1",26,"24,8","23,7","22,6","21,5","20,5","19,5","18,6","17,6","16,7","15,8",15,"14,2","13,5","12,9","12,5","12,2","11,9"
Zimbabwe,ZWE,"Probability of dying among youth ages 20-24 years (per 1,000)","24,4","24,5","24,3",24,"23,4","22,8","22,1","21,4","20,7","19,9","19,2","18,5","17,9","17,3","16,8","16,4","15,9","15,6","15,3",15,"14,8","14,6"
